<?xml version="1.0" encoding="UTF-8"?>
<beans xmlns="http://www.springframework.org/schema/beans"
	xmlns:xsi="http://www.w3.org/2001/XMLSchema-instance" xmlns:p="http://www.springframework.org/schema/p"
	xmlns:context="http://www.springframework.org/schema/context"
	xsi:schemaLocation="http://www.springframework.org/schema/beans 
        http://www.springframework.org/schema/beans/spring-beans-3.0.xsd
        http://www.springframework.org/schema/context 
        http://www.springframework.org/schema/context/spring-context-3.0.xsd">
	<context:component-scan base-package="com.ragentek.api.controller" />
	<bean
		class="org.springframework.web.servlet.mvc.annotation.DefaultAnnotationHandlerMapping">
		<property name="interceptors">
			<list>
				<bean class="com.ragentek.api.controller.interceptor.ApiInterceptor" />
			</list>
		</property>
	</bean>
	<bean
		class="org.springframework.web.servlet.mvc.annotation.AnnotationMethodHandlerAdapter">
		<property name="messageConverters">
			<list>
				<bean
					class="org.springframework.http.converter.StringHttpMessageConverter">
					<property name="supportedMediaTypes">
						<list>
							<value>text/plain;charset=UTF-8</value>
						</list>
					</property>
				</bean>
			</list>
		</property>
	</bean>

	<import resource="applicationContext.xml" />
	<bean name="apiFilter" class="com.ragentek.api.controller.interceptor.ApiFilter" id="apiFilter">
	</bean>


	<bean name="userController" class="com.ragentek.api.controller.UserController"
		id="userController">
		<property name="userService" ref="userService"></property>
	</bean>


</beans>